<?xml version="1.0"?>
<!--<!DOCTYPE metadata SYSTEM "http://www.esri.com/metadata/esriprof80.dtd">-->
<metadata xml:lang="cs"><Esri><MetaID>{27C97B33-7003-4CE2-922B-CA0C94625C7F}</MetaID><CreaDate>20090514</CreaDate><CreaTime>10360000</CreaTime><SyncOnce>TRUE</SyncOnce><DataProperties><lineage><Process ToolSource="C:\Program Files\ArcGIS\ArcToolbox\Toolboxes\Data Management Tools.tbx\Project" Date="20090514" Time="103600">Project cr D:\users\emil)\cr_Project.shp GEOGCS['GCS_WGS_1984',DATUM['D_WGS_1984',SPHEROID['WGS_1984',6378137.0,298.257223563]],PRIMEM['Greenwich',0.0],UNIT['Degree',0.0174532925199433]] S_JTSK_To_WGS_1984_1 PROJCS['S-JTSK_Krovak_East_North',GEOGCS['GCS_S_JTSK',DATUM['D_S_JTSK',SPHEROID['Bessel_1841',6377397.155,299.1528128]],PRIMEM['Greenwich',0.0],UNIT['Degree',0.0174532925199433]],PROJECTION['Krovak'],PARAMETER['False_Easting',0.0],PARAMETER['False_Northing',0.0],PARAMETER['Pseudo_Standard_Parallel_1',78.5],PARAMETER['Scale_Factor',0.9999],PARAMETER['Azimuth',30.28813975277778],PARAMETER['Longitude_Of_Center',24.83333333333333],PARAMETER['Latitude_Of_Center',49.5],PARAMETER['X_Scale',-1.0],PARAMETER['Y_Scale',1.0],PARAMETER['XY_Plane_Rotation',90.0],UNIT['Meter',1.0]]</Process></lineage></DataProperties></Esri></metadata>
